{
  "account": {
    "mean": [
      1672558760.5292118,
      872.7795624508767,
      561697.8806980859,
      1923200.1084043088,
      2898.774727210394,
      10846.804781945642,
      456.02992220693363,
      1704744.390980877,
      378.8031209731762,
      149899.89359631963,
      0.011224371215529468,
      17.368568017118065,
      3079286.8543801755,
      0.9523823485403671,
      2299.850350518389
    ],
    "std": [
      2309380916.2731905,
      573.5240894293988,
      1433724.4815401172,
      18378745.16329805,
      3589.7031958862226,
      9066.491870054784,
      1727.7631967613668,
      38307004.64410309,
      950.9673563655901,
      200534.57211472705,
      0.0356364985967624,
      134.37065619459386,
      101773409.13731407,
      9.582825562649365,
      4786.736614173845
    ],
    "n_features": 15,
    "n_samples": 845890
  },
  "transaction": {
    "mean": [
      1134626349.044454,
      176569.62611332443,
      65714353.210950404,
      0.04814928655026067,
      0.03007601461182896,
      349.4827187932237,
      795.0410774450579,
      65714353.210950404,
      997.2448286523583,
      0.00431261747981416,
      0.23496199269408552,
      0.030330646928689437,
      0.015524496691092153,
      946128.2243855037,
      65714353.210950404
    ],
    "std": [
      2015893500.358778,
      774684.8009771737,
      549750700.0188353,
      0.2140816030276983,
      0.17079651037805155,
      6203.586815337196,
      9188.190300155515,
      549750700.0188353,
      24289.21170815116,
      0.06552876322918189,
      0.4239750637500539,
      1.907748585526455,
      2.9246940505333643,
      31294976.346012745,
      549750700.0188353
    ],
    "n_features": 15,
    "n_samples": 845890
  }
}